Genes	main peptide	HLA-A*02:01	Number of IEDB ref	Number of IEDB peptide
CTAG2	SLLMWITQC	HLA-A*02:01	76	19
HMMR	KLLEYIEEI	HLA-A*02:01	41	115
MAGEA3	EVDPIGHLY	Others	38	218
PBK	SYQKVIELF	HLA-A*02:01	38	42
RAD51	NTDHQTQLLY	Others	38	39
MAGEA1	KVLEYVIKV	HLA-A*02:01	34	202
GINS1	KAMELIREL	HLA-A*02:01	33	31
HMMR	KLQEELNKV	HLA-A*02:01	33	115
IQCD	ILDEAIYKV	HLA-A*02:01	33	12
TTK	NMLEAVHTI	HLA-A*02:01	31	89
KIF18A	KTASINQNV	HLA-A*02:01	30	72
MAGEA1	EADPTGHSY	Others	29	202
IQCD	EEMEWFNNY	Others	28	12
AURKA	KIADFGWSV	HLA-A*02:01	28	123
GINS1	EEMEWFNNY	Others	28	31
NUF2	KIDEKTAEL	HLA-A*02:01	28	111
NUF2	YMMPVNSEV	HLA-A*02:01	27	111
PKMYT1	HLDVKPANI	HLA-A*02:01	26	77
BUB1	AEYNSDLHQF	Others	25	207
CEP55	SPKSPTAAL	HLA-A*02:01	25	119
MAGEA3	FLWGPRALV	HLA-A*02:01	24	218
BUB1	YLITLLEHL	HLA-A*02:01	24	207
BUB1	KLFPKGTIFTA	Others	24	207
BUB1	IAPPVPLKA	HLA-A*02:01	24	207
CLSPN	SLLNQPKAV	HLA-A*02:01	24	97
BUB1	EYNSDLHQF	Others	23	207
CDKN3	DEQTPIHISW	Others	23	28
DTL	NEEGFVRLY	Others	23	102
DTL	TPWQPPTVL	Others	23	102
PRAME	SLLQHLIGL	HLA-A*02:01	23	245
IQCD	YLYDRLLRI	HLA-A*02:01	22	12
DIAPH3	SPQEFIHEL	Others	22	121
DIAPH3	KLYQSIIGY	Others	22	121
GINS1	YLYDRLLRI	HLA-A*02:01	22	31
NCAPH	YSYFSPRTM	HLA-A*02:01	22	99
DIAPH3	SRNAQTFGF	HLA-A*02:01	21	121
TRIP13	SIIDTELKV	HLA-A*02:01	21	57
AURKA	REVEIQSHL	Others	20	123
CLPB	GWYDEEHPLVF	HLA-A*02:01	20	108
HSPA4L	APFSKVITF	Others	20	96
CEP55	KPSNSKSETTL	HLA-A*02:01	19	119
DIAPH3	TPMPKDVRQSL	Others	19	121
CLPB	LVDGYNVHY	Others	19	108
DEPDC1	LLQPHLERV	HLA-A*02:01	19	50
MAGEA1	ALREEEEGV	HLA-A*02:01	18	202
CLSPN	DSDESYMEKSLY	Others	18	97
CLSPN	SEIGKAVGF	Others	18	97
DIAPH3	SPMSQRPVL	Others	18	121
BRIP1	SPTGSGKSL	HLA-A*02:01	18	63
HMMR	KILEKEIRV	HLA-A*02:01	18	115
HSPA4L	RLMNETTAV	HLA-A*02:01	16	96
KIF2C	TRMSTVSEL	Others	18	132
CEP55	AELESKTNTL	Others	17	119
PFN3	GVHGGILNK	Others	17	9
NUF2	ATAQFKINK	Others	16	111
NUF2	KIDEKTAELK	Others	16	111
NUF2	VYGIRLEHF	Others	16	111
BUB1	EENFPENKEY	Others	16	207
CLSPN	RELEALKQRF	Others	16	97
HSPA4L	HLDPTEMEKV	HLA-A*02:01	16	96
KIF2C	IYNGKLFDLL	HLA-A*02:01	16	132
CDC45	HFDLSVIEL	HLA-A*02:01	16	70
MAGEC2	FVYGEPREL	HLA-A*02:01	16	34
TUBA3C	KAYHEQLSV	HLA-A*02:01	16	561
BUB1	SIAPPVPLK	Others	15	207
BUB1	HLLGEGAFAQV	HLA-A*02:01	15	207
PRAME	ALYVDSLFFL	HLA-A*02:01	15	245
DIAPH3	RPRLSAILF	Others	15	121
NCAPH	EVADEKMLSGL	Others	15	99
STAG3	LVDEWLDSY	Others	15	35
WDR62	SEGQEPALRSW	Others	15	88